-- 0046 — Catálogos GLOBALES de referencia (estaban solo en seed.sql, que db push no corre).
-- Sin estos, crear_tenant_con_owner falla (no encuentra el plan ni el rol DUENO global).
-- Idempotente (ON CONFLICT DO NOTHING): seguro en local (ya los tiene) y en cloud (vacío).
-- Solo datos globales: NO incluye fixtures de dev (Knock-Out, María, productos).

-- planes
INSERT INTO public.planes VALUES ('20301495-de0d-41e2-94db-c740e6484ed9', 'FT', 'Foodtruck', 'Foodtrucks, food bikes, puestos móviles. Operación offline robusta, captura ultra-rápida.', 'FOODTRUCK', 399.00, 1, NULL, NULL, 30, '{"multi_evento": true, "captura_rapida": true, "offline_robusto": true}', true, true, 1, '2026-06-05 04:57:17.980194+00', '2026-06-05 04:57:17.980194+00') ON CONFLICT DO NOTHING;
INSERT INTO public.planes VALUES ('05110cad-6f89-429a-b2c7-457dd2d0ade1', 'QS', 'Quick Service', 'Hamburgueserías, taquerías, pizzerías. Mostrador y pickup, modos de servicio flexibles.', 'QUICK_SERVICE', 999.00, 3, NULL, NULL, 50, '{"kds_basico": true, "areas_cocina": true, "modos_servicio": true}', true, true, 2, '2026-06-05 04:57:17.980194+00', '2026-06-05 04:57:17.980194+00') ON CONFLICT DO NOTHING;
INSERT INTO public.planes VALUES ('7ffc7b39-e305-4d7e-b0a0-020a2cccafcb', 'CB', 'Café & Bar', 'Cafeterías, bares, cantinas. Cuentas abiertas en barra, operación híbrida.', 'CAFE_BAR', 999.00, 3, NULL, NULL, 50, '{"happy_hour": true, "cuentas_abiertas": true, "operacion_hibrida": true}', true, true, 3, '2026-06-05 04:57:17.980194+00', '2026-06-05 04:57:17.980194+00') ON CONFLICT DO NOTHING;
INSERT INTO public.planes VALUES ('f9376d9a-7d4f-442a-80df-b52664018626', 'FS', 'Full Service', 'Restaurantes con meseros, casual dining. Mesas, propinas, cuentas por mesero.', 'FULL_SERVICE', 1299.00, 3, NULL, NULL, 80, '{"mesas": true, "propinas": true, "cuentas_abiertas": true, "asignacion_mesero": true}', true, true, 4, '2026-06-05 04:57:17.980194+00', '2026-06-05 04:57:17.980194+00') ON CONFLICT DO NOTHING;
INSERT INTO public.planes VALUES ('d3f60705-aff7-4ac2-a762-b61b14c4cf02', 'DK', 'Dark Kitchen', 'Cocinas fantasma, operadores multi-marca. Apps externas, gestión multi-marca.', 'DARK_KITCHEN', 1499.00, 2, NULL, NULL, 80, '{"multi_marca": true, "apps_externas": true, "consolidacion_canales": true}', true, true, 5, '2026-06-05 04:57:17.980194+00', '2026-06-05 04:57:17.980194+00') ON CONFLICT DO NOTHING;
INSERT INTO public.planes VALUES ('30a8a519-666e-4d6a-b15d-3f56b555d296', 'ENT', 'Enterprise', 'Cadenas, franquiciantes. Multi-sucursal avanzado, reporteo central. (Fase 5)', 'ENTERPRISE', 2499.00, NULL, NULL, NULL, 200, '{"franquicias": true, "reporteo_central": true, "multi_sucursal_avanzado": true}', true, true, 6, '2026-06-05 04:57:17.980194+00', '2026-06-05 04:57:17.980194+00') ON CONFLICT DO NOTHING;

-- permisos
INSERT INTO public.permisos VALUES ('b56ce44a-b072-459a-b918-b5ef2545b9e4', 'auth.login_pin', 'Iniciar sesión con PIN', NULL, 'AUTENTICACION', false, NULL, '2026-06-05 04:57:17.980194+00') ON CONFLICT DO NOTHING;
INSERT INTO public.permisos VALUES ('7097d326-3d2b-4d3d-9e0d-1b8c71a38ba6', 'auth.asistencia_registrar', 'Registrar entrada/salida laboral', NULL, 'AUTENTICACION', false, NULL, '2026-06-05 04:57:17.980194+00') ON CONFLICT DO NOTHING;
INSERT INTO public.permisos VALUES ('e51ca8a5-1e64-425e-a0e2-8cbb67303bf3', 'turno.abrir', 'Abrir turno de caja', NULL, 'TURNO', false, NULL, '2026-06-05 04:57:17.980194+00') ON CONFLICT DO NOTHING;
INSERT INTO public.permisos VALUES ('145129e9-12cd-46aa-9f02-7b4a909239d8', 'turno.cerrar_propio', 'Cerrar turno propio', NULL, 'TURNO', false, NULL, '2026-06-05 04:57:17.980194+00') ON CONFLICT DO NOTHING;
INSERT INTO public.permisos VALUES ('648fe5a1-1aba-4ac1-a4bb-736ae5b3bda3', 'turno.validar_con_diferencia', 'Validar corte con diferencia (desbloquear caja)', NULL, 'TURNO', false, NULL, '2026-06-05 04:57:17.980194+00') ON CONFLICT DO NOTHING;
INSERT INTO public.permisos VALUES ('e55f797e-03d9-43d8-9ffc-7c64ec401065', 'turno.cambio_cajero', 'Cambio de cajero sin cierre', NULL, 'TURNO', false, NULL, '2026-06-05 04:57:17.980194+00') ON CONFLICT DO NOTHING;
INSERT INTO public.permisos VALUES ('301261d7-9ca4-4cb6-ab70-7744d14d2fce', 'turno.forzar_cierre', 'Forzar cierre de turno (admin)', NULL, 'TURNO', false, NULL, '2026-06-05 04:57:17.980194+00') ON CONFLICT DO NOTHING;
INSERT INTO public.permisos VALUES ('a760e085-071f-4820-af5d-316331219265', 'caja.sangria', 'Hacer retiro / sangría', NULL, 'CAJA', true, 3, '2026-06-05 04:57:17.980194+00') ON CONFLICT DO NOTHING;
INSERT INTO public.permisos VALUES ('15bc8af0-d873-443c-bce1-be3175e92f23', 'caja.deposito', 'Hacer depósito a caja', NULL, 'CAJA', true, 3, '2026-06-05 04:57:17.980194+00') ON CONFLICT DO NOTHING;
INSERT INTO public.permisos VALUES ('4b9e61df-a3f8-4898-b220-d9c6ca993d49', 'caja.ajuste_admin', 'Ajuste manual de efectivo (admin)', NULL, 'CAJA', true, 4, '2026-06-05 04:57:17.980194+00') ON CONFLICT DO NOTHING;
INSERT INTO public.permisos VALUES ('805cf990-3445-44b4-b1b5-5d6d9d61e88a', 'venta.registrar', 'Registrar venta y cobrar', NULL, 'VENTA', false, NULL, '2026-06-05 04:57:17.980194+00') ON CONFLICT DO NOTHING;
INSERT INTO public.permisos VALUES ('9df9e9a9-610b-4f00-8747-1733b133bcf5', 'venta.cancelar_abierta', 'Cancelar ticket abierto', NULL, 'VENTA', false, NULL, '2026-06-05 04:57:17.980194+00') ON CONFLICT DO NOTHING;
INSERT INTO public.permisos VALUES ('565a1535-211b-4b1c-a856-3af56f610e2a', 'venta.cancelar_pagada', 'Cancelar ticket ya pagado', NULL, 'VENTA', true, 3, '2026-06-05 04:57:17.980194+00') ON CONFLICT DO NOTHING;
INSERT INTO public.permisos VALUES ('88e5b978-5c7f-4bbe-b8ec-6e68c72aab90', 'venta.devolucion', 'Procesar devolución', NULL, 'VENTA', true, 3, '2026-06-05 04:57:17.980194+00') ON CONFLICT DO NOTHING;
INSERT INTO public.permisos VALUES ('910f4818-0406-4235-a82a-b6bacafdb297', 'venta.editar_post_cobro', 'Editar pedido después de cobrar', NULL, 'VENTA', true, 3, '2026-06-05 04:57:17.980194+00') ON CONFLICT DO NOTHING;
INSERT INTO public.permisos VALUES ('c054f09b-63ae-4a62-85b6-f204afbb51f0', 'descuento.manual_aplicar', 'Aplicar descuento manual (cualquier monto o %)', NULL, 'DESCUENTO', true, 3, '2026-06-05 04:57:17.980194+00') ON CONFLICT DO NOTHING;
INSERT INTO public.permisos VALUES ('22d6f309-1bd8-4c8a-993d-fcc5c2bcfc88', 'descuento.cortesia_total', 'Aplicar cortesía 100% manual', NULL, 'DESCUENTO', true, 3, '2026-06-05 04:57:17.980194+00') ON CONFLICT DO NOTHING;
INSERT INTO public.permisos VALUES ('8a2523b9-c925-4bdf-8900-688633bbe68a', 'descuento.automatico_aceptar', 'Aceptar descuento automático configurado', NULL, 'DESCUENTO', false, NULL, '2026-06-05 04:57:17.980194+00') ON CONFLICT DO NOTHING;
INSERT INTO public.permisos VALUES ('2f5959ce-3f6b-4310-8b7e-17fb2e1193d9', 'cocina.marcar_listo', 'Marcar pedido como listo', NULL, 'COCINA', false, NULL, '2026-06-05 04:57:17.980194+00') ON CONFLICT DO NOTHING;
INSERT INTO public.permisos VALUES ('8de85453-4d6b-4de2-9fc4-84794c0f38d8', 'cocina.marcar_entregado', 'Marcar pedido como entregado', NULL, 'COCINA', false, NULL, '2026-06-05 04:57:17.980194+00') ON CONFLICT DO NOTHING;
INSERT INTO public.permisos VALUES ('96565182-5b90-47f4-8e7f-3e784623e188', 'cocina.reimprimir_comanda', 'Reimprimir comanda', NULL, 'COCINA', true, 3, '2026-06-05 04:57:17.980194+00') ON CONFLICT DO NOTHING;
INSERT INTO public.permisos VALUES ('1b066a44-3ed4-486a-9d13-d12c1d0fd5a2', 'cocina.reimprimir_ticket', 'Reimprimir ticket', NULL, 'COCINA', false, NULL, '2026-06-05 04:57:17.980194+00') ON CONFLICT DO NOTHING;
INSERT INTO public.permisos VALUES ('06855a4b-d504-48d6-ae76-6a028fa316b9', 'delivery.asignar_pedido', 'Asignar/aceptar pedido de delivery propio', NULL, 'COCINA', false, NULL, '2026-06-05 04:57:17.980194+00') ON CONFLICT DO NOTHING;
INSERT INTO public.permisos VALUES ('f5a3107a-61d0-49c7-907e-350e4ce5fa21', 'config.productos', 'Configurar productos del catálogo', NULL, 'CONFIGURACION', false, NULL, '2026-06-05 04:57:17.980194+00') ON CONFLICT DO NOTHING;
INSERT INTO public.permisos VALUES ('0e425ead-c0b7-4952-a02f-3c49b06c3f82', 'config.usuarios', 'Gestionar usuarios y roles', NULL, 'CONFIGURACION', false, NULL, '2026-06-05 04:57:17.980194+00') ON CONFLICT DO NOTHING;
INSERT INTO public.permisos VALUES ('ff729c5e-62dd-4fff-87a4-db45c261d856', 'config.fiscal', 'Modificar configuración fiscal', NULL, 'CONFIGURACION', false, NULL, '2026-06-05 04:57:17.980194+00') ON CONFLICT DO NOTHING;
INSERT INTO public.permisos VALUES ('637015b3-fbdd-4d37-9f41-7e34060e74b2', 'config.promociones', 'Configurar promociones automáticas', NULL, 'CONFIGURACION', false, NULL, '2026-06-05 04:57:17.980194+00') ON CONFLICT DO NOTHING;
INSERT INTO public.permisos VALUES ('3a802ec1-1299-4955-a43c-29706f7277ae', 'config.sucursal', 'Configurar sucursal (override)', NULL, 'CONFIGURACION', false, NULL, '2026-06-05 04:57:17.980194+00') ON CONFLICT DO NOTHING;
INSERT INTO public.permisos VALUES ('f583d987-e0ba-438c-a936-62613680a234', 'reporte.turno_propio', 'Ver reporte del turno propio', NULL, 'REPORTE', false, NULL, '2026-06-05 04:57:17.980194+00') ON CONFLICT DO NOTHING;
INSERT INTO public.permisos VALUES ('65a3460a-899a-4222-badb-0021d80d89ff', 'reporte.sucursal', 'Ver reportes de la sucursal', NULL, 'REPORTE', false, NULL, '2026-06-05 04:57:17.980194+00') ON CONFLICT DO NOTHING;
INSERT INTO public.permisos VALUES ('4c69d639-c1e2-4d57-8a7f-93f78c1365b9', 'reporte.global', 'Ver reportes globales del negocio', NULL, 'REPORTE', false, NULL, '2026-06-05 04:57:17.980194+00') ON CONFLICT DO NOTHING;
INSERT INTO public.permisos VALUES ('01ccbe30-ecf0-460a-9c1f-4ce0ea33f836', 'reporte.auditoria', 'Ver bitácora de auditoría', NULL, 'REPORTE', false, NULL, '2026-06-05 04:57:17.980194+00') ON CONFLICT DO NOTHING;
INSERT INTO public.permisos VALUES ('2ae3537b-1726-4b5d-aab7-00a5e069c69c', 'factura.emitir', 'Emitir factura CFDI', NULL, 'CONFIGURACION', false, NULL, '2026-06-05 04:57:17.980194+00') ON CONFLICT DO NOTHING;
INSERT INTO public.permisos VALUES ('0b39344a-e2c4-490f-b819-d6b9c999cdc9', 'factura.cancelar', 'Cancelar factura CFDI', NULL, 'CONFIGURACION', false, NULL, '2026-06-05 04:57:17.980194+00') ON CONFLICT DO NOTHING;
INSERT INTO public.permisos VALUES ('96ec088b-8afa-45c6-b9b9-6a4bf40f3343', 'factura.global_masiva', 'Emitir facturación global / masiva', NULL, 'CONFIGURACION', false, NULL, '2026-06-05 04:57:17.980194+00') ON CONFLICT DO NOTHING;
INSERT INTO public.permisos VALUES ('c3b2846a-2e5f-4be4-9001-70a1c2de266c', 'saas.cambiar_plan', 'Cancelar/contratar plan SaaS', NULL, 'CONFIGURACION', false, NULL, '2026-06-05 04:57:17.980194+00') ON CONFLICT DO NOTHING;

-- roles
INSERT INTO public.roles VALUES ('dcf9a351-c6f4-494e-9845-2b59af3f99bd', NULL, 'DUENO', 'Dueño', 'Cuenta master del negocio. Acceso total inalterable.', true, 5, true, '2026-06-05 04:57:17.980194+00', '2026-06-05 04:57:17.980194+00') ON CONFLICT DO NOTHING;
INSERT INTO public.roles VALUES ('1ba778cc-6fa9-4f04-ab2f-7bfc452bd94e', NULL, 'ADMIN', 'Administrador', 'Gerente o encargado de sucursal. Configura, autoriza, gestiona.', true, 4, true, '2026-06-05 04:57:17.980194+00', '2026-06-05 04:57:17.980194+00') ON CONFLICT DO NOTHING;
INSERT INTO public.roles VALUES ('fd9c5582-5414-419e-9ff1-d95b5cc58c8d', NULL, 'SUPERVISOR', 'Supervisor', 'Jefe de turno. Autoriza cancelaciones, descuentos, sangrías.', true, 3, true, '2026-06-05 04:57:17.980194+00', '2026-06-05 04:57:17.980194+00') ON CONFLICT DO NOTHING;
INSERT INTO public.roles VALUES ('18849425-9a8a-4d18-a9fe-3aae90510b80', NULL, 'CAJERO', 'Cajero / Operador', 'Personal de caja. Abre turnos, vende, cobra. No autoriza.', true, 2, true, '2026-06-05 04:57:17.980194+00', '2026-06-05 04:57:17.980194+00') ON CONFLICT DO NOTHING;
INSERT INTO public.roles VALUES ('214b2595-7135-458c-989f-d8162ebc90cb', NULL, 'PERSONAL', 'Personal / General', 'Personal operativo sin acceso a caja. Cocina, mesa, delivery según subtipo.', true, 1, true, '2026-06-05 04:57:17.980194+00', '2026-06-05 04:57:17.980194+00') ON CONFLICT DO NOTHING;
INSERT INTO public.roles VALUES ('9087cad6-578a-4d2b-a1f1-38fd6c4db05d', NULL, 'DISPOSITIVO', 'Dispositivo', 'Cuenta de caja/estación POS. Mantiene la sesión base del dispositivo; sin permisos operativos.', true, 0, true, '2026-06-05 04:57:17.980194+00', '2026-06-05 04:57:17.980194+00') ON CONFLICT DO NOTHING;

-- rol_permisos
INSERT INTO public.rol_permisos VALUES ('6a8bc298-88f7-4cfe-97de-60a087ceaa6c', 'dcf9a351-c6f4-494e-9845-2b59af3f99bd', 'b56ce44a-b072-459a-b918-b5ef2545b9e4', true, '2026-06-05 04:57:17.980194+00') ON CONFLICT DO NOTHING;
INSERT INTO public.rol_permisos VALUES ('c415c62b-334d-442c-bd1d-e2d20c752b01', 'dcf9a351-c6f4-494e-9845-2b59af3f99bd', '7097d326-3d2b-4d3d-9e0d-1b8c71a38ba6', true, '2026-06-05 04:57:17.980194+00') ON CONFLICT DO NOTHING;
INSERT INTO public.rol_permisos VALUES ('0b1e4eab-0716-411e-b1ca-0236754af09e', 'dcf9a351-c6f4-494e-9845-2b59af3f99bd', 'e51ca8a5-1e64-425e-a0e2-8cbb67303bf3', true, '2026-06-05 04:57:17.980194+00') ON CONFLICT DO NOTHING;
INSERT INTO public.rol_permisos VALUES ('8858c687-5f14-4e57-8a11-7df9ee2b7d20', 'dcf9a351-c6f4-494e-9845-2b59af3f99bd', '145129e9-12cd-46aa-9f02-7b4a909239d8', true, '2026-06-05 04:57:17.980194+00') ON CONFLICT DO NOTHING;
INSERT INTO public.rol_permisos VALUES ('1d7993f9-81d1-437a-b32e-9ce498a6981d', 'dcf9a351-c6f4-494e-9845-2b59af3f99bd', '648fe5a1-1aba-4ac1-a4bb-736ae5b3bda3', true, '2026-06-05 04:57:17.980194+00') ON CONFLICT DO NOTHING;
INSERT INTO public.rol_permisos VALUES ('b1d1d66b-95c0-49da-a389-5c1997d85df9', 'dcf9a351-c6f4-494e-9845-2b59af3f99bd', 'e55f797e-03d9-43d8-9ffc-7c64ec401065', true, '2026-06-05 04:57:17.980194+00') ON CONFLICT DO NOTHING;
INSERT INTO public.rol_permisos VALUES ('9c9ce2a5-a5f3-45c8-8b33-7f9b4689abac', 'dcf9a351-c6f4-494e-9845-2b59af3f99bd', '301261d7-9ca4-4cb6-ab70-7744d14d2fce', true, '2026-06-05 04:57:17.980194+00') ON CONFLICT DO NOTHING;
INSERT INTO public.rol_permisos VALUES ('ef723055-a6f8-4812-9f64-042351d9d35e', 'dcf9a351-c6f4-494e-9845-2b59af3f99bd', 'a760e085-071f-4820-af5d-316331219265', true, '2026-06-05 04:57:17.980194+00') ON CONFLICT DO NOTHING;
INSERT INTO public.rol_permisos VALUES ('a9916ac3-1aaf-4fa7-8587-8556e2dcee23', 'dcf9a351-c6f4-494e-9845-2b59af3f99bd', '15bc8af0-d873-443c-bce1-be3175e92f23', true, '2026-06-05 04:57:17.980194+00') ON CONFLICT DO NOTHING;
INSERT INTO public.rol_permisos VALUES ('669bebfd-e5eb-4ecd-bc6b-92b6e3cc5485', 'dcf9a351-c6f4-494e-9845-2b59af3f99bd', '4b9e61df-a3f8-4898-b220-d9c6ca993d49', true, '2026-06-05 04:57:17.980194+00') ON CONFLICT DO NOTHING;
INSERT INTO public.rol_permisos VALUES ('b05f4ea7-fb6b-499d-8672-ab6e6302ffc5', 'dcf9a351-c6f4-494e-9845-2b59af3f99bd', '805cf990-3445-44b4-b1b5-5d6d9d61e88a', true, '2026-06-05 04:57:17.980194+00') ON CONFLICT DO NOTHING;
INSERT INTO public.rol_permisos VALUES ('079da412-25b7-4a86-a024-0b871839b3c2', 'dcf9a351-c6f4-494e-9845-2b59af3f99bd', '9df9e9a9-610b-4f00-8747-1733b133bcf5', true, '2026-06-05 04:57:17.980194+00') ON CONFLICT DO NOTHING;
INSERT INTO public.rol_permisos VALUES ('c6630ba3-9cc7-4cd6-8490-06a93cf90ba3', 'dcf9a351-c6f4-494e-9845-2b59af3f99bd', '565a1535-211b-4b1c-a856-3af56f610e2a', true, '2026-06-05 04:57:17.980194+00') ON CONFLICT DO NOTHING;
INSERT INTO public.rol_permisos VALUES ('e07422f2-f94b-429b-bc5a-b14b238c8b57', 'dcf9a351-c6f4-494e-9845-2b59af3f99bd', '88e5b978-5c7f-4bbe-b8ec-6e68c72aab90', true, '2026-06-05 04:57:17.980194+00') ON CONFLICT DO NOTHING;
INSERT INTO public.rol_permisos VALUES ('f436d3d6-fc9f-42aa-bd87-b6a95b2a1773', 'dcf9a351-c6f4-494e-9845-2b59af3f99bd', '910f4818-0406-4235-a82a-b6bacafdb297', true, '2026-06-05 04:57:17.980194+00') ON CONFLICT DO NOTHING;
INSERT INTO public.rol_permisos VALUES ('856479da-1ad4-40d0-a6c5-261c3d7e8091', 'dcf9a351-c6f4-494e-9845-2b59af3f99bd', 'c054f09b-63ae-4a62-85b6-f204afbb51f0', true, '2026-06-05 04:57:17.980194+00') ON CONFLICT DO NOTHING;
INSERT INTO public.rol_permisos VALUES ('c5a87f1f-df60-45ff-a645-0410971c9739', 'dcf9a351-c6f4-494e-9845-2b59af3f99bd', '22d6f309-1bd8-4c8a-993d-fcc5c2bcfc88', true, '2026-06-05 04:57:17.980194+00') ON CONFLICT DO NOTHING;
INSERT INTO public.rol_permisos VALUES ('9f6dcb7c-23d8-4169-9eb3-d126bfa4dde5', 'dcf9a351-c6f4-494e-9845-2b59af3f99bd', '8a2523b9-c925-4bdf-8900-688633bbe68a', true, '2026-06-05 04:57:17.980194+00') ON CONFLICT DO NOTHING;
INSERT INTO public.rol_permisos VALUES ('d9af95db-6c1a-4ba7-9ad7-f639eb2d8de1', 'dcf9a351-c6f4-494e-9845-2b59af3f99bd', '2f5959ce-3f6b-4310-8b7e-17fb2e1193d9', true, '2026-06-05 04:57:17.980194+00') ON CONFLICT DO NOTHING;
INSERT INTO public.rol_permisos VALUES ('3fcee335-8da9-47a0-8815-fe094d8e4193', 'dcf9a351-c6f4-494e-9845-2b59af3f99bd', '8de85453-4d6b-4de2-9fc4-84794c0f38d8', true, '2026-06-05 04:57:17.980194+00') ON CONFLICT DO NOTHING;
INSERT INTO public.rol_permisos VALUES ('34625252-7cfe-4042-bd67-fa47bd5268b5', 'dcf9a351-c6f4-494e-9845-2b59af3f99bd', '96565182-5b90-47f4-8e7f-3e784623e188', true, '2026-06-05 04:57:17.980194+00') ON CONFLICT DO NOTHING;
INSERT INTO public.rol_permisos VALUES ('089bd949-e561-497a-8820-1d17b25ebfde', 'dcf9a351-c6f4-494e-9845-2b59af3f99bd', '1b066a44-3ed4-486a-9d13-d12c1d0fd5a2', true, '2026-06-05 04:57:17.980194+00') ON CONFLICT DO NOTHING;
INSERT INTO public.rol_permisos VALUES ('7e227af8-a198-44c3-92cf-af4344cf5139', 'dcf9a351-c6f4-494e-9845-2b59af3f99bd', '06855a4b-d504-48d6-ae76-6a028fa316b9', true, '2026-06-05 04:57:17.980194+00') ON CONFLICT DO NOTHING;
INSERT INTO public.rol_permisos VALUES ('258a5d3f-05bb-499c-990d-72ee442066b1', 'dcf9a351-c6f4-494e-9845-2b59af3f99bd', 'f5a3107a-61d0-49c7-907e-350e4ce5fa21', true, '2026-06-05 04:57:17.980194+00') ON CONFLICT DO NOTHING;
INSERT INTO public.rol_permisos VALUES ('df62ccb4-080a-4dc1-8d25-e1007aa95b22', 'dcf9a351-c6f4-494e-9845-2b59af3f99bd', '0e425ead-c0b7-4952-a02f-3c49b06c3f82', true, '2026-06-05 04:57:17.980194+00') ON CONFLICT DO NOTHING;
INSERT INTO public.rol_permisos VALUES ('d61c1c5a-f59a-482b-b973-6f696b90c015', 'dcf9a351-c6f4-494e-9845-2b59af3f99bd', 'ff729c5e-62dd-4fff-87a4-db45c261d856', true, '2026-06-05 04:57:17.980194+00') ON CONFLICT DO NOTHING;
INSERT INTO public.rol_permisos VALUES ('027b8aba-00ef-4a6b-b1e4-a6520c42eec0', 'dcf9a351-c6f4-494e-9845-2b59af3f99bd', '637015b3-fbdd-4d37-9f41-7e34060e74b2', true, '2026-06-05 04:57:17.980194+00') ON CONFLICT DO NOTHING;
INSERT INTO public.rol_permisos VALUES ('4fdc1a23-d65f-4f50-81ac-7ce63e737d11', 'dcf9a351-c6f4-494e-9845-2b59af3f99bd', '3a802ec1-1299-4955-a43c-29706f7277ae', true, '2026-06-05 04:57:17.980194+00') ON CONFLICT DO NOTHING;
INSERT INTO public.rol_permisos VALUES ('8ca54e19-9495-4693-a466-1aa35480c57e', 'dcf9a351-c6f4-494e-9845-2b59af3f99bd', 'f583d987-e0ba-438c-a936-62613680a234', true, '2026-06-05 04:57:17.980194+00') ON CONFLICT DO NOTHING;
INSERT INTO public.rol_permisos VALUES ('c474ed2f-b761-462b-8696-b8ae712eb1d5', 'dcf9a351-c6f4-494e-9845-2b59af3f99bd', '65a3460a-899a-4222-badb-0021d80d89ff', true, '2026-06-05 04:57:17.980194+00') ON CONFLICT DO NOTHING;
INSERT INTO public.rol_permisos VALUES ('9cabb7af-0106-47b6-845c-b41da1c217b6', 'dcf9a351-c6f4-494e-9845-2b59af3f99bd', '4c69d639-c1e2-4d57-8a7f-93f78c1365b9', true, '2026-06-05 04:57:17.980194+00') ON CONFLICT DO NOTHING;
INSERT INTO public.rol_permisos VALUES ('f2f16bb6-71fd-4493-9ad4-86fb8313e6f6', 'dcf9a351-c6f4-494e-9845-2b59af3f99bd', '01ccbe30-ecf0-460a-9c1f-4ce0ea33f836', true, '2026-06-05 04:57:17.980194+00') ON CONFLICT DO NOTHING;
INSERT INTO public.rol_permisos VALUES ('35214909-1f27-4c18-aaad-98ca82bb80e1', 'dcf9a351-c6f4-494e-9845-2b59af3f99bd', '2ae3537b-1726-4b5d-aab7-00a5e069c69c', true, '2026-06-05 04:57:17.980194+00') ON CONFLICT DO NOTHING;
INSERT INTO public.rol_permisos VALUES ('6f34daa1-3050-47f2-8a0f-a070116e3a36', 'dcf9a351-c6f4-494e-9845-2b59af3f99bd', '0b39344a-e2c4-490f-b819-d6b9c999cdc9', true, '2026-06-05 04:57:17.980194+00') ON CONFLICT DO NOTHING;
INSERT INTO public.rol_permisos VALUES ('704d0f81-25e5-4e7c-b272-537fa37146fe', 'dcf9a351-c6f4-494e-9845-2b59af3f99bd', '96ec088b-8afa-45c6-b9b9-6a4bf40f3343', true, '2026-06-05 04:57:17.980194+00') ON CONFLICT DO NOTHING;
INSERT INTO public.rol_permisos VALUES ('500534b1-e553-46bb-a9e6-18248d7d6c37', 'dcf9a351-c6f4-494e-9845-2b59af3f99bd', 'c3b2846a-2e5f-4be4-9001-70a1c2de266c', true, '2026-06-05 04:57:17.980194+00') ON CONFLICT DO NOTHING;
INSERT INTO public.rol_permisos VALUES ('6b3e1eb2-9a83-4905-bae2-6b6522824c29', '1ba778cc-6fa9-4f04-ab2f-7bfc452bd94e', 'b56ce44a-b072-459a-b918-b5ef2545b9e4', true, '2026-06-05 04:57:17.980194+00') ON CONFLICT DO NOTHING;
INSERT INTO public.rol_permisos VALUES ('6c2524a1-afcb-4807-9a66-5a2ea6fc952b', '1ba778cc-6fa9-4f04-ab2f-7bfc452bd94e', '7097d326-3d2b-4d3d-9e0d-1b8c71a38ba6', true, '2026-06-05 04:57:17.980194+00') ON CONFLICT DO NOTHING;
INSERT INTO public.rol_permisos VALUES ('d14cea60-0b25-42fa-82aa-e03c5c85dd5d', '1ba778cc-6fa9-4f04-ab2f-7bfc452bd94e', 'e51ca8a5-1e64-425e-a0e2-8cbb67303bf3', true, '2026-06-05 04:57:17.980194+00') ON CONFLICT DO NOTHING;
INSERT INTO public.rol_permisos VALUES ('94f8bdec-5e88-4540-bb91-95e25e8b45a0', '1ba778cc-6fa9-4f04-ab2f-7bfc452bd94e', '145129e9-12cd-46aa-9f02-7b4a909239d8', true, '2026-06-05 04:57:17.980194+00') ON CONFLICT DO NOTHING;
INSERT INTO public.rol_permisos VALUES ('c5501ec6-c2bb-4532-ac2e-97f58fbc297b', '1ba778cc-6fa9-4f04-ab2f-7bfc452bd94e', '648fe5a1-1aba-4ac1-a4bb-736ae5b3bda3', true, '2026-06-05 04:57:17.980194+00') ON CONFLICT DO NOTHING;
INSERT INTO public.rol_permisos VALUES ('072d7273-61f6-4af4-9f49-df383caf1fbc', '1ba778cc-6fa9-4f04-ab2f-7bfc452bd94e', 'e55f797e-03d9-43d8-9ffc-7c64ec401065', true, '2026-06-05 04:57:17.980194+00') ON CONFLICT DO NOTHING;
INSERT INTO public.rol_permisos VALUES ('416fb4f3-6f74-4eda-b3e1-b87a93a25616', '1ba778cc-6fa9-4f04-ab2f-7bfc452bd94e', '301261d7-9ca4-4cb6-ab70-7744d14d2fce', true, '2026-06-05 04:57:17.980194+00') ON CONFLICT DO NOTHING;
INSERT INTO public.rol_permisos VALUES ('cb1ce0d6-7b20-43a5-8e35-287bea45fa9f', '1ba778cc-6fa9-4f04-ab2f-7bfc452bd94e', 'a760e085-071f-4820-af5d-316331219265', true, '2026-06-05 04:57:17.980194+00') ON CONFLICT DO NOTHING;
INSERT INTO public.rol_permisos VALUES ('e7e0d418-10fc-4e11-a847-6a5c74c11881', '1ba778cc-6fa9-4f04-ab2f-7bfc452bd94e', '15bc8af0-d873-443c-bce1-be3175e92f23', true, '2026-06-05 04:57:17.980194+00') ON CONFLICT DO NOTHING;
INSERT INTO public.rol_permisos VALUES ('bc854b64-b36b-4587-b522-e63a2859a9a7', '1ba778cc-6fa9-4f04-ab2f-7bfc452bd94e', '4b9e61df-a3f8-4898-b220-d9c6ca993d49', true, '2026-06-05 04:57:17.980194+00') ON CONFLICT DO NOTHING;
INSERT INTO public.rol_permisos VALUES ('82fa60f5-d149-48e0-b17d-393878bde6cb', '1ba778cc-6fa9-4f04-ab2f-7bfc452bd94e', '805cf990-3445-44b4-b1b5-5d6d9d61e88a', true, '2026-06-05 04:57:17.980194+00') ON CONFLICT DO NOTHING;
INSERT INTO public.rol_permisos VALUES ('bf09c68a-b178-4d62-a8d1-43ecd3bdb31a', '1ba778cc-6fa9-4f04-ab2f-7bfc452bd94e', '9df9e9a9-610b-4f00-8747-1733b133bcf5', true, '2026-06-05 04:57:17.980194+00') ON CONFLICT DO NOTHING;
INSERT INTO public.rol_permisos VALUES ('a5227a26-9e6a-42c9-b85f-4615cbbd1cf3', '1ba778cc-6fa9-4f04-ab2f-7bfc452bd94e', '565a1535-211b-4b1c-a856-3af56f610e2a', true, '2026-06-05 04:57:17.980194+00') ON CONFLICT DO NOTHING;
INSERT INTO public.rol_permisos VALUES ('08f9246b-717b-4568-a8a4-1608b8db53de', '1ba778cc-6fa9-4f04-ab2f-7bfc452bd94e', '88e5b978-5c7f-4bbe-b8ec-6e68c72aab90', true, '2026-06-05 04:57:17.980194+00') ON CONFLICT DO NOTHING;
INSERT INTO public.rol_permisos VALUES ('9d15488b-fc89-4ede-b692-a4981b43f53d', '1ba778cc-6fa9-4f04-ab2f-7bfc452bd94e', '910f4818-0406-4235-a82a-b6bacafdb297', true, '2026-06-05 04:57:17.980194+00') ON CONFLICT DO NOTHING;
INSERT INTO public.rol_permisos VALUES ('f05ab8f1-5193-4a33-ace4-e9359a169f22', '1ba778cc-6fa9-4f04-ab2f-7bfc452bd94e', 'c054f09b-63ae-4a62-85b6-f204afbb51f0', true, '2026-06-05 04:57:17.980194+00') ON CONFLICT DO NOTHING;
INSERT INTO public.rol_permisos VALUES ('44725593-637b-4c85-98b9-084beb5a4fac', '1ba778cc-6fa9-4f04-ab2f-7bfc452bd94e', '22d6f309-1bd8-4c8a-993d-fcc5c2bcfc88', true, '2026-06-05 04:57:17.980194+00') ON CONFLICT DO NOTHING;
INSERT INTO public.rol_permisos VALUES ('223130ec-293c-4970-8fd1-654e40512463', '1ba778cc-6fa9-4f04-ab2f-7bfc452bd94e', '8a2523b9-c925-4bdf-8900-688633bbe68a', true, '2026-06-05 04:57:17.980194+00') ON CONFLICT DO NOTHING;
INSERT INTO public.rol_permisos VALUES ('cb58982f-7a51-40c2-aef7-76b86d321b35', '1ba778cc-6fa9-4f04-ab2f-7bfc452bd94e', '2f5959ce-3f6b-4310-8b7e-17fb2e1193d9', true, '2026-06-05 04:57:17.980194+00') ON CONFLICT DO NOTHING;
INSERT INTO public.rol_permisos VALUES ('047a49ce-a9c5-425a-9487-6f7e889d6713', '1ba778cc-6fa9-4f04-ab2f-7bfc452bd94e', '8de85453-4d6b-4de2-9fc4-84794c0f38d8', true, '2026-06-05 04:57:17.980194+00') ON CONFLICT DO NOTHING;
INSERT INTO public.rol_permisos VALUES ('2dd33239-46fa-4a0e-9c9f-3827d390868a', '1ba778cc-6fa9-4f04-ab2f-7bfc452bd94e', '96565182-5b90-47f4-8e7f-3e784623e188', true, '2026-06-05 04:57:17.980194+00') ON CONFLICT DO NOTHING;
INSERT INTO public.rol_permisos VALUES ('7aed0d18-c233-4f74-b263-08bad8708ebd', '1ba778cc-6fa9-4f04-ab2f-7bfc452bd94e', '1b066a44-3ed4-486a-9d13-d12c1d0fd5a2', true, '2026-06-05 04:57:17.980194+00') ON CONFLICT DO NOTHING;
INSERT INTO public.rol_permisos VALUES ('5e50988a-7b01-4d92-8c6e-bf077ddbb9e1', '1ba778cc-6fa9-4f04-ab2f-7bfc452bd94e', '06855a4b-d504-48d6-ae76-6a028fa316b9', true, '2026-06-05 04:57:17.980194+00') ON CONFLICT DO NOTHING;
INSERT INTO public.rol_permisos VALUES ('3d1e59b9-f315-432a-b7d3-474c4e8f645d', '1ba778cc-6fa9-4f04-ab2f-7bfc452bd94e', 'f5a3107a-61d0-49c7-907e-350e4ce5fa21', true, '2026-06-05 04:57:17.980194+00') ON CONFLICT DO NOTHING;
INSERT INTO public.rol_permisos VALUES ('7607f953-5d49-49ba-874f-da8f89deb1ff', '1ba778cc-6fa9-4f04-ab2f-7bfc452bd94e', '0e425ead-c0b7-4952-a02f-3c49b06c3f82', true, '2026-06-05 04:57:17.980194+00') ON CONFLICT DO NOTHING;
INSERT INTO public.rol_permisos VALUES ('b1ddc4db-8e0c-497c-98da-976aeab70008', '1ba778cc-6fa9-4f04-ab2f-7bfc452bd94e', '637015b3-fbdd-4d37-9f41-7e34060e74b2', true, '2026-06-05 04:57:17.980194+00') ON CONFLICT DO NOTHING;
INSERT INTO public.rol_permisos VALUES ('b0f80065-f490-4128-aaee-756853ad01e9', '1ba778cc-6fa9-4f04-ab2f-7bfc452bd94e', '3a802ec1-1299-4955-a43c-29706f7277ae', true, '2026-06-05 04:57:17.980194+00') ON CONFLICT DO NOTHING;
INSERT INTO public.rol_permisos VALUES ('48050124-bb99-47e2-b4d9-e1fda949058b', '1ba778cc-6fa9-4f04-ab2f-7bfc452bd94e', 'f583d987-e0ba-438c-a936-62613680a234', true, '2026-06-05 04:57:17.980194+00') ON CONFLICT DO NOTHING;
INSERT INTO public.rol_permisos VALUES ('e90d2b6e-915c-4945-988d-2ae81ef37cdc', '1ba778cc-6fa9-4f04-ab2f-7bfc452bd94e', '65a3460a-899a-4222-badb-0021d80d89ff', true, '2026-06-05 04:57:17.980194+00') ON CONFLICT DO NOTHING;
INSERT INTO public.rol_permisos VALUES ('05d09673-98ee-46df-aac9-9bfd6b5f8d77', '1ba778cc-6fa9-4f04-ab2f-7bfc452bd94e', '4c69d639-c1e2-4d57-8a7f-93f78c1365b9', true, '2026-06-05 04:57:17.980194+00') ON CONFLICT DO NOTHING;
INSERT INTO public.rol_permisos VALUES ('216c0737-7445-4739-847a-553f7d30ddb6', '1ba778cc-6fa9-4f04-ab2f-7bfc452bd94e', '01ccbe30-ecf0-460a-9c1f-4ce0ea33f836', true, '2026-06-05 04:57:17.980194+00') ON CONFLICT DO NOTHING;
INSERT INTO public.rol_permisos VALUES ('69b18415-7e28-495c-850b-041ed272f516', '1ba778cc-6fa9-4f04-ab2f-7bfc452bd94e', '2ae3537b-1726-4b5d-aab7-00a5e069c69c', true, '2026-06-05 04:57:17.980194+00') ON CONFLICT DO NOTHING;
INSERT INTO public.rol_permisos VALUES ('d5180f78-a4c0-4175-9e3c-b3711ee3c853', '1ba778cc-6fa9-4f04-ab2f-7bfc452bd94e', '0b39344a-e2c4-490f-b819-d6b9c999cdc9', true, '2026-06-05 04:57:17.980194+00') ON CONFLICT DO NOTHING;
INSERT INTO public.rol_permisos VALUES ('2d6de32e-f45e-4606-850b-2f5f0a44cda2', '1ba778cc-6fa9-4f04-ab2f-7bfc452bd94e', '96ec088b-8afa-45c6-b9b9-6a4bf40f3343', true, '2026-06-05 04:57:17.980194+00') ON CONFLICT DO NOTHING;
INSERT INTO public.rol_permisos VALUES ('c67f17e3-81df-46ca-afc7-8c55850fa8cc', 'fd9c5582-5414-419e-9ff1-d95b5cc58c8d', 'b56ce44a-b072-459a-b918-b5ef2545b9e4', true, '2026-06-05 04:57:17.980194+00') ON CONFLICT DO NOTHING;
INSERT INTO public.rol_permisos VALUES ('8f63baea-5af0-4307-bd8d-9181722cd199', 'fd9c5582-5414-419e-9ff1-d95b5cc58c8d', '7097d326-3d2b-4d3d-9e0d-1b8c71a38ba6', true, '2026-06-05 04:57:17.980194+00') ON CONFLICT DO NOTHING;
INSERT INTO public.rol_permisos VALUES ('ed5d523e-e262-42c1-8a56-848fb0ee96c6', 'fd9c5582-5414-419e-9ff1-d95b5cc58c8d', 'e51ca8a5-1e64-425e-a0e2-8cbb67303bf3', true, '2026-06-05 04:57:17.980194+00') ON CONFLICT DO NOTHING;
INSERT INTO public.rol_permisos VALUES ('a4a9d080-0ed6-4d51-933e-a005ce69e3cb', 'fd9c5582-5414-419e-9ff1-d95b5cc58c8d', '145129e9-12cd-46aa-9f02-7b4a909239d8', true, '2026-06-05 04:57:17.980194+00') ON CONFLICT DO NOTHING;
INSERT INTO public.rol_permisos VALUES ('a20e0a52-e37c-434f-8e14-eb46faa12e47', 'fd9c5582-5414-419e-9ff1-d95b5cc58c8d', 'e55f797e-03d9-43d8-9ffc-7c64ec401065', true, '2026-06-05 04:57:17.980194+00') ON CONFLICT DO NOTHING;
INSERT INTO public.rol_permisos VALUES ('a905c04b-3f8b-41cc-a24f-523c3a81ddcb', 'fd9c5582-5414-419e-9ff1-d95b5cc58c8d', 'a760e085-071f-4820-af5d-316331219265', true, '2026-06-05 04:57:17.980194+00') ON CONFLICT DO NOTHING;
INSERT INTO public.rol_permisos VALUES ('72dad49c-2a3a-442b-8b77-70760569451b', 'fd9c5582-5414-419e-9ff1-d95b5cc58c8d', '15bc8af0-d873-443c-bce1-be3175e92f23', true, '2026-06-05 04:57:17.980194+00') ON CONFLICT DO NOTHING;
INSERT INTO public.rol_permisos VALUES ('ff4b11a2-c203-444f-b489-9f6f3dfa27b0', 'fd9c5582-5414-419e-9ff1-d95b5cc58c8d', '805cf990-3445-44b4-b1b5-5d6d9d61e88a', true, '2026-06-05 04:57:17.980194+00') ON CONFLICT DO NOTHING;
INSERT INTO public.rol_permisos VALUES ('4aff7431-dfbe-4c25-9bec-def8460e2bad', 'fd9c5582-5414-419e-9ff1-d95b5cc58c8d', '9df9e9a9-610b-4f00-8747-1733b133bcf5', true, '2026-06-05 04:57:17.980194+00') ON CONFLICT DO NOTHING;
INSERT INTO public.rol_permisos VALUES ('11b68e16-5d3d-4bb8-89a6-9e4178a6ccd4', 'fd9c5582-5414-419e-9ff1-d95b5cc58c8d', '565a1535-211b-4b1c-a856-3af56f610e2a', true, '2026-06-05 04:57:17.980194+00') ON CONFLICT DO NOTHING;
INSERT INTO public.rol_permisos VALUES ('54f1c100-040e-4bd4-b14f-75c577d6c5a4', 'fd9c5582-5414-419e-9ff1-d95b5cc58c8d', '88e5b978-5c7f-4bbe-b8ec-6e68c72aab90', true, '2026-06-05 04:57:17.980194+00') ON CONFLICT DO NOTHING;
INSERT INTO public.rol_permisos VALUES ('0275e817-6510-4116-97bb-febdaee3e3f5', 'fd9c5582-5414-419e-9ff1-d95b5cc58c8d', '910f4818-0406-4235-a82a-b6bacafdb297', true, '2026-06-05 04:57:17.980194+00') ON CONFLICT DO NOTHING;
INSERT INTO public.rol_permisos VALUES ('66e8755d-8de2-428d-9b0c-ab8a3662262b', 'fd9c5582-5414-419e-9ff1-d95b5cc58c8d', 'c054f09b-63ae-4a62-85b6-f204afbb51f0', true, '2026-06-05 04:57:17.980194+00') ON CONFLICT DO NOTHING;
INSERT INTO public.rol_permisos VALUES ('79b5a098-238d-4028-a871-f08e2398cada', 'fd9c5582-5414-419e-9ff1-d95b5cc58c8d', '22d6f309-1bd8-4c8a-993d-fcc5c2bcfc88', true, '2026-06-05 04:57:17.980194+00') ON CONFLICT DO NOTHING;
INSERT INTO public.rol_permisos VALUES ('5770d907-5fb4-4789-a62b-d023c2ec9ded', 'fd9c5582-5414-419e-9ff1-d95b5cc58c8d', '8a2523b9-c925-4bdf-8900-688633bbe68a', true, '2026-06-05 04:57:17.980194+00') ON CONFLICT DO NOTHING;
INSERT INTO public.rol_permisos VALUES ('c89839a9-e626-4e70-a3c1-09583201ae34', 'fd9c5582-5414-419e-9ff1-d95b5cc58c8d', '2f5959ce-3f6b-4310-8b7e-17fb2e1193d9', true, '2026-06-05 04:57:17.980194+00') ON CONFLICT DO NOTHING;
INSERT INTO public.rol_permisos VALUES ('142fa785-19d2-46b2-9aa2-32d299862bbd', 'fd9c5582-5414-419e-9ff1-d95b5cc58c8d', '8de85453-4d6b-4de2-9fc4-84794c0f38d8', true, '2026-06-05 04:57:17.980194+00') ON CONFLICT DO NOTHING;
INSERT INTO public.rol_permisos VALUES ('9398359c-f642-4037-a3c1-fa0544a3f0df', 'fd9c5582-5414-419e-9ff1-d95b5cc58c8d', '96565182-5b90-47f4-8e7f-3e784623e188', true, '2026-06-05 04:57:17.980194+00') ON CONFLICT DO NOTHING;
INSERT INTO public.rol_permisos VALUES ('2a986a68-c6a8-4784-9caa-f8c7be394551', 'fd9c5582-5414-419e-9ff1-d95b5cc58c8d', '1b066a44-3ed4-486a-9d13-d12c1d0fd5a2', true, '2026-06-05 04:57:17.980194+00') ON CONFLICT DO NOTHING;
INSERT INTO public.rol_permisos VALUES ('4634f2bc-b90c-4a14-bf85-41aa27db27c1', 'fd9c5582-5414-419e-9ff1-d95b5cc58c8d', '06855a4b-d504-48d6-ae76-6a028fa316b9', true, '2026-06-05 04:57:17.980194+00') ON CONFLICT DO NOTHING;
INSERT INTO public.rol_permisos VALUES ('8cc37af7-ef75-4c85-be6a-0990c97678b1', 'fd9c5582-5414-419e-9ff1-d95b5cc58c8d', 'f583d987-e0ba-438c-a936-62613680a234', true, '2026-06-05 04:57:17.980194+00') ON CONFLICT DO NOTHING;
INSERT INTO public.rol_permisos VALUES ('dc413d6a-6bfc-4f35-b22f-70ec6250cc76', '18849425-9a8a-4d18-a9fe-3aae90510b80', 'b56ce44a-b072-459a-b918-b5ef2545b9e4', true, '2026-06-05 04:57:17.980194+00') ON CONFLICT DO NOTHING;
INSERT INTO public.rol_permisos VALUES ('00aa331d-4446-4bcf-b5f6-7268fd4b81ef', '18849425-9a8a-4d18-a9fe-3aae90510b80', '7097d326-3d2b-4d3d-9e0d-1b8c71a38ba6', true, '2026-06-05 04:57:17.980194+00') ON CONFLICT DO NOTHING;
INSERT INTO public.rol_permisos VALUES ('4c554eb1-74d9-4ad7-aeb8-0eb371aa2324', '18849425-9a8a-4d18-a9fe-3aae90510b80', 'e51ca8a5-1e64-425e-a0e2-8cbb67303bf3', true, '2026-06-05 04:57:17.980194+00') ON CONFLICT DO NOTHING;
INSERT INTO public.rol_permisos VALUES ('83c82007-bce2-453e-8324-c04dccc146bb', '18849425-9a8a-4d18-a9fe-3aae90510b80', '145129e9-12cd-46aa-9f02-7b4a909239d8', true, '2026-06-05 04:57:17.980194+00') ON CONFLICT DO NOTHING;
INSERT INTO public.rol_permisos VALUES ('ea4ba364-2034-45ff-bc9e-5cb18957859f', '18849425-9a8a-4d18-a9fe-3aae90510b80', '805cf990-3445-44b4-b1b5-5d6d9d61e88a', true, '2026-06-05 04:57:17.980194+00') ON CONFLICT DO NOTHING;
INSERT INTO public.rol_permisos VALUES ('14c66ceb-bd89-461d-b265-6d8f2e5fc51b', '18849425-9a8a-4d18-a9fe-3aae90510b80', '9df9e9a9-610b-4f00-8747-1733b133bcf5', true, '2026-06-05 04:57:17.980194+00') ON CONFLICT DO NOTHING;
INSERT INTO public.rol_permisos VALUES ('2a3a6a94-358b-4629-ad7c-be3f755430e7', '18849425-9a8a-4d18-a9fe-3aae90510b80', '8a2523b9-c925-4bdf-8900-688633bbe68a', true, '2026-06-05 04:57:17.980194+00') ON CONFLICT DO NOTHING;
INSERT INTO public.rol_permisos VALUES ('2023f7df-bb98-49e5-aa15-ec71b7c0ff84', '18849425-9a8a-4d18-a9fe-3aae90510b80', '2f5959ce-3f6b-4310-8b7e-17fb2e1193d9', true, '2026-06-05 04:57:17.980194+00') ON CONFLICT DO NOTHING;
INSERT INTO public.rol_permisos VALUES ('0b47d9c9-c5a8-4c1e-9502-bf9aef00c077', '18849425-9a8a-4d18-a9fe-3aae90510b80', '8de85453-4d6b-4de2-9fc4-84794c0f38d8', true, '2026-06-05 04:57:17.980194+00') ON CONFLICT DO NOTHING;
INSERT INTO public.rol_permisos VALUES ('0a9339bd-6f52-4456-98db-9d88beb49253', '18849425-9a8a-4d18-a9fe-3aae90510b80', '1b066a44-3ed4-486a-9d13-d12c1d0fd5a2', true, '2026-06-05 04:57:17.980194+00') ON CONFLICT DO NOTHING;
INSERT INTO public.rol_permisos VALUES ('c2863d74-7523-44dd-9baa-696b2c7f5c29', '18849425-9a8a-4d18-a9fe-3aae90510b80', '06855a4b-d504-48d6-ae76-6a028fa316b9', true, '2026-06-05 04:57:17.980194+00') ON CONFLICT DO NOTHING;
INSERT INTO public.rol_permisos VALUES ('a1bedf60-ea4a-49dd-bdae-be7149c77d25', '18849425-9a8a-4d18-a9fe-3aae90510b80', 'f583d987-e0ba-438c-a936-62613680a234', true, '2026-06-05 04:57:17.980194+00') ON CONFLICT DO NOTHING;
INSERT INTO public.rol_permisos VALUES ('dcd47d44-6714-4544-b9b5-1a1a5d9a5d51', '214b2595-7135-458c-989f-d8162ebc90cb', 'b56ce44a-b072-459a-b918-b5ef2545b9e4', true, '2026-06-05 04:57:17.980194+00') ON CONFLICT DO NOTHING;
INSERT INTO public.rol_permisos VALUES ('fd4346da-8e8e-4d8a-adb4-9fe7db729640', '214b2595-7135-458c-989f-d8162ebc90cb', '7097d326-3d2b-4d3d-9e0d-1b8c71a38ba6', true, '2026-06-05 04:57:17.980194+00') ON CONFLICT DO NOTHING;
INSERT INTO public.rol_permisos VALUES ('d467c18c-43e7-4326-ad5b-bde95ed0bc07', '214b2595-7135-458c-989f-d8162ebc90cb', '2f5959ce-3f6b-4310-8b7e-17fb2e1193d9', true, '2026-06-05 04:57:17.980194+00') ON CONFLICT DO NOTHING;
INSERT INTO public.rol_permisos VALUES ('68371900-96fc-437b-ba4f-ce3f6dcc6cd2', '214b2595-7135-458c-989f-d8162ebc90cb', '8de85453-4d6b-4de2-9fc4-84794c0f38d8', true, '2026-06-05 04:57:17.980194+00') ON CONFLICT DO NOTHING;
INSERT INTO public.rol_permisos VALUES ('daf8dde0-36a9-4d87-8009-6bf3f3a0f6b9', '214b2595-7135-458c-989f-d8162ebc90cb', '06855a4b-d504-48d6-ae76-6a028fa316b9', true, '2026-06-05 04:57:17.980194+00') ON CONFLICT DO NOTHING;

-- folios_paquetes
INSERT INTO public.folios_paquetes VALUES ('92b531dd-c0b1-467c-82b7-2bb89f0f2a46', 'PACK_100', 'Paquete 100 folios', 100, 200.00, 2.0000, true, true, 1, '2026-06-05 04:57:17.980194+00', '2026-06-05 04:57:17.980194+00') ON CONFLICT DO NOTHING;
INSERT INTO public.folios_paquetes VALUES ('cae4f672-cb9e-41f8-81e1-bee5c9ecd9b6', 'PACK_250', 'Paquete 250 folios', 250, 450.00, 1.8000, true, true, 2, '2026-06-05 04:57:17.980194+00', '2026-06-05 04:57:17.980194+00') ON CONFLICT DO NOTHING;
INSERT INTO public.folios_paquetes VALUES ('278ba382-a8a7-46a3-af6e-a00121444753', 'PACK_500', 'Paquete 500 folios', 500, 750.00, 1.5000, true, true, 3, '2026-06-05 04:57:17.980194+00', '2026-06-05 04:57:17.980194+00') ON CONFLICT DO NOTHING;
INSERT INTO public.folios_paquetes VALUES ('028736d1-7e86-4e01-8374-2882d46d7986', 'PACK_1000', 'Paquete 1,000 folios', 1000, 1300.00, 1.3000, true, true, 4, '2026-06-05 04:57:17.980194+00', '2026-06-05 04:57:17.980194+00') ON CONFLICT DO NOTHING;
INSERT INTO public.folios_paquetes VALUES ('cba8b12c-7890-42f0-abfc-cc44bd27ccd7', 'PACK_5000', 'Paquete 5,000 folios', 5000, 5000.00, 1.0000, true, true, 5, '2026-06-05 04:57:17.980194+00', '2026-06-05 04:57:17.980194+00') ON CONFLICT DO NOTHING;

